{
    "$schema": "https://schema.management.azure.com/schemas/2015-01-01/deploymentParameters.json#",
    "contentVersion": "1.0.0.0",
    "parameters": {
        "virtualMachines_w1_name": {
            "value": null
        },
        "virtualMachines_w2_name": {
            "value": null
        },
        "networkInterfaces_w1465_name": {
            "value": null
        },
        "networkInterfaces_w1657_name": {
            "value": null
        },
        "networkInterfaces_w2808_name": {
            "value": null
        },
        "networkInterfaces_w2916_name": {
            "value": null
        },
        "publicIPAddresses_w1_ip_name": {
            "value": null
        },
        "publicIPAddresses_w2_ip_name": {
            "value": null
        },
        "loadBalancers_w1_anudeep_name": {
            "value": null
        },
        "publicIPAddresses_w1ip827_name": {
            "value": null
        },
        "publicIPAddresses_w2ip146_name": {
            "value": null
        },
        "virtualNetworks_EastUS_VNet_name": {
            "value": null
        },
        "sshPublicKeys_Anudeep_SSHkey_name": {
            "value": null
        },
        "networkSecurityGroups_w1_nsg_name": {
            "value": null
        },
        "networkSecurityGroups_w2_nsg_name": {
            "value": null
        },
        "virtualNetworks_EastUS2_VNet_name": {
            "value": null
        },
        "networkSecurityGroups_w1nsg725_name": {
            "value": null
        },
        "networkSecurityGroups_w2nsg405_name": {
            "value": null
        },
        "bastionHosts_EastUS_VNet_bastion_name": {
            "value": null
        },
        "publicIPAddresses_EastUS_VNet_ip_name": {
            "value": null
        },
        "availabilitySets_Anudeep_Azure_AS_name": {
            "value": null
        },
        "publicIPAddresses_EastUSVNetip319_name": {
            "value": null
        },
        "publicIPAddresses_w1_anudeep_publicip_name": {
            "value": null
        }
    }
}